srNo,label,link,news
1,پاکستان,https://urdu.arynews.tv/dr-arif-alvi-pak-afriqa-isb/,"اسلام آباد : صدر مملکت ڈاکٹر عارف علوی نے کہا ہے کہ صدر ڈاکٹر عارف علوی نے پاکستان اور افریقی خطے کے درمیان امن، تعلیم، صحت تجارت، سیاحت اور موسمیاتی تبدیلی کے مشترکہ ترجیحی شعبوں میں تعاون بڑھایا جائے۔ان خیالات کا اظہار انہوں نے اسلام آباد میں وزارت خارجہ کے زیراہتمام سفیروں کی دو روزہ کانفرنس سے خطاب کرتے ہوئے کیا، کانفرنس سے وزیر خارجہ شاہ محمود قریشی نے بھی خطاب کیا۔صدر عارف علوی نے کہا کہ پاکستان اور افریقہ میں متعدد اقدار مشترک ہیں اور فریقین کو اپنے عوام کے امن اور خوشحالی کیلئے مل کر کام کرنے کی ضرورت ہے، فریقین کو دفاع اور تجارت کے شعبوں میں تعاون بڑھانا چاہیے۔انہوں نے کہا کہ پاکستان ایک ابھرتی ہوئی معیشت ہے جہاں متوسط طبقہ فروغ پارہا ہے، پاکستان مواقع کی سرزمین کے طور پر ابھر کر سامنا آرہا ہے اور غیر ملکی سرمایہ کاری میں اضافہ ہورہا ہے۔ ملکی معیشت بہتر ہورہی ہے اور نئی راہیں کھل رہی ہیں۔ڈاکٹر عارف علوی نے کہا کہ افریقہ دہشت گردی کے خلاف کامیاب جنگ سمیت پاکستان کے ماضی کے تجربات سے سیکھ سکتا ہے، افریقہ کے ساتھ ہمارے تعلقات میں مزید بہتری آنی چاہئے۔کانفرنس کے اقدام کو سراہتے ہوئے صدر نے کہا کہ اس طرح کی کانفرنسوں کا انعقاد تعاون اور رابطوں کے لئے قابل قدر مواقع فراہم کرتا ہے، ہم افریقی ممالک کے ساتھ اپنے تعلقات بہتر بنانے کا سلسلہ جاری رکھیں گے۔کانفرنس سے خطاب کرتے ہوئے وزیر خارجہ شاہ محمود قریشی نے کہا کہ پاکستان افریقی ملکوں کے ساتھ یکساں ترقی اور خوشحالی کے باہمی اصولوں کی بنیاد پر روابط بڑھانے کا خواہاں ہے۔انہوں نے کہا کہ ہم نے اقتصادی سفارتکاری کا آغاز کیا ہے جس کے تحت ہم معیشت کے مختلف شعبوں میں برآمدات میں اضافے اور معیشت کو مستحکم کرنے کیلئے پرعزم ہیں۔
"
2,کھیل,https://urdu.arynews.tv/steven-smiths-new-strategy-against-yasser-shah/,ایڈلیڈ: سابق آسٹریلوی کپتان اور مایہ ناز بلے باز اسٹیون اسمتھ نے پاکستان کے خلاف پہلے ٹیسٹ میچ میں یاسر شاہ کے ہاتھوں آؤٹ ہونے کے بعد نئی حکمت عملی تیار کرلی۔تفصیلات کے مطابق اسٹیون اسمتھ پہلے ٹیسٹ میچ میں صرف 4رنز بنانے کے بعد یاسر شاہ کو وکٹ دے بیٹھے تھے اور یاسر نے انہیں آؤٹ کرنے کے بعد انگلیوں سے 7 اشارہ کیا تھا۔ یاسر کا یہ اشارہ کرنے کا مقصد یہ ظاہر کرنا تھا کہ وہ اب تک ٹیسٹ میچوں میں اسمتھ کو 7مرتبہ نشانہ بنا چکے ہیں۔اسمتھ کو یاسر کا یہ انداز زیادہ پسند نہ آیا البتہ انہوں نے اس پر غصہ کرنے کے بجائے اسے چیلنج کے طور پر لیتے ہوئے اگلے میچ میں زیادہ سے زیادہ رنز کرنے کو ہدف بنا لیا ہے۔انہوں نے کہا کہ اب میں یاسر شاہ کے خلاف محتاط رہوں گا اور اب میری کوشش ہوگی کہ میں ان کے خلاف آؤٹ نہ ہوں جبکہ میں ان کے خلاف مزید ڈسپلن سے بیٹنگ کروں گا، برسبین میں یاسر نے بہت اچھی بولنگ کی، انہیں وکٹ سے ڈرفٹ اور اسپن مل رہا تھا لیکن اگلے میچ میں انہیں اچھے طریقے سے کھیلنے کی کوشش کریں گے۔خود کو انوکھی سزا دینے والے آسٹریلوی کھلاڑییاسر شاہ کی جانب سے کیے گئے اشارے پر اسمتھ نے کہا کہ یہ بہت دلچسپ ہے، وہ مجھے چند مرتبہ آؤٹ کرنے میں کامیاب رہے، میں ان 7 میں سے چند مرتبہ جارحانہ انداز میں کھیلتے ہوئے آؤٹ ہوا، چند مواقع پر میں دوسری اننگز میں عجیب و غریب شاٹ کھیلتے ہوئے آؤٹ ہوا لہٰذا میں زیادہ پریشان نہیں ہوں۔واضح رہے کہ اس سے قبل 2014 میں یاسر نے اسمتھ کو 4مرتبہ آؤٹ کیا تھا اور پھر 2017 کے دورہ آسٹریلیا میں تین مرتبہ آسٹریلین کپتان کو نشانہ بنایا تھا۔
3,کھیل,https://urdu.arynews.tv/south-asian-games-prize-butt-vows-to-defend-its-honor/,اسلام آباد: انعام بٹ نے پہلوان ساؤتھ ایشین گیمز میں گولڈ میڈل جیتنے کے عزم کا اظہار کرتے ہوئے کہا ہے کہ گیمز میں سونے کا تمغہ جیت کر اپنے اعزاز کا دفاع کرنے کی پوری کوشش کروں گا۔تفصیلات کے مطابق ساؤتھ ایشین گیمز یکم دسمبر سے نیپال میں شروع ہو رہے ہیں جس میں انعام بٹ سمیت پاکستان کے سات پہلوان سات مختلف ویٹ کیٹیگریز میں حصہ لیں گے۔ انعام بٹ پہلوان کامن ویلتھ گیمز کے گولڈ میڈلسٹ ہیں جبکہ حال ہی میں انہوں نے ورلڈ بیچ گیمز میں گولڈ میڈل اپنے نام کیا تھا۔ایک انٹرویو میں انعام بٹ نے کہا کہ ساؤتھ ایشین گیمز کے لیے تیاریوں میں مشکلات کا سامنا کرنا پڑا، کیمپ طویل دورانیے کے نہیں تھے، اپنی مدد آپ کے تحت سب کچھ کرنا پڑتا ہے لیکن اس کے باوجود ساؤتھ ایشین گیمز میں میڈلز حاصل کریں گے۔پاکستانی پہلوان انعام بٹ نے ورلڈ بیچ ریسلنگ میں گولڈ میڈل جیت لیاپہلوان نے کہا کہ مشکلات کی وجہ سے مورال ڈاؤن نہیں ہوتا اور نا ہی ہونا چاہیے کیونکہ ہمیں پاکستان کے لیے سب کچھ کرنا ہے اور پاکستان کے لیے سب کوششیں کرتے ہیں اور اس مرتبہ بھی یہی کوشش ہوگی کہ پاکستان کے لیے زیادہ سے زیادہ میڈلز حاصل کریں۔قومی پہلوان کا کہنا تھا کہ ساؤتھ ایشین گیمز میں سات پہلوان پاکستان کی نمائندگی کریں گے اور سات میڈلز ضرور ہوں گے، میڈلز کے رنگوں کے بارے میں یقینی طور پر کچھ نہیں کہہ سکتے لیکن اتنا ضرور ہے کہ ان سات میں سے تین سے چار گولڈ میڈلز ہوں گے۔
4,پاکستان,https://urdu.arynews.tv/munir-akram-says-pakistan-will-continue-to-play-its-positive-role-in-afghan-peace-efforts/,نیویارک: اقوام متحدہ میں پاکستانی مستقل مندوب منیراکرم نے کہا کہ افغانستان میں خانہ جنگی کا سب سے زیادہ نقصان پاکستان کو ہوا، پاکستان افغان امن کوششوں میں اپنا مثبت کردار ادا کرتا رہے گا۔تفصیلات کے مطابق اقوام متحدہ میں پاکستانی مستقل مندوب منیراکرم نے مباحثے سے خطاب کرتے ہوئے کہا کہ پاکستان اور افغانستان کے درمیان تاریخی، مذہبی اور ثقافتی روابط ہیں۔منیر اکرم نے کہا کہ افغانستان میں خانہ جنگی کا سب سے زیادہ نقصان پاکستان کو ہوا، پاکستان افغان امن کوششوں میں اپنا مثبت کردار ادا کرتا رہے گا۔پاکستانی سفیر نے کہا کہ افغانستان کے مسئلے کا حل مذاکراتی عمل میں ہے، امید ہے طالبان امریکا مذاکراتی عمل بھی جلد شروع ہوگا۔ انہوں نے کہا کہ ہماری مصالحتی کوششوں کی امریکا سمیت دنیا نے تعریف کی۔منیر اکرم نے مزید کہا کہ افغانستان میں امن کے لیے تمام علاقائی طاقتوں کو کردار ادا کرنا چاہیے، پاکستان افغانستان میں قیام امن کی تمام کوششوں کی حمایت جاری رکھے گا۔یاد رہے کہ امریکی صدر ڈونلڈ ٹرمپ نے گزشتہ ماہ 19 اکتوبر کو ایک ایسے وقت میں طالبان کے ساتھ مذاکرات معطل کرنے کا اعلان کیا تھا جب دونوں فریقین طویل عرصے تک مذاکرات کے بعد کئی نکات پر متفق ہوچکے تھے اور حتمی معاہدے کا عندیہ دیا جا چکا تھا۔
5,عالمی خبریں,https://urdu.arynews.tv/iranian-consulate-burns-down-in-iraq/,نجف: عراق میں جاری حکومت مخالف احتجاج کے دوران مظاہرین نے ایرانی قونصلیٹ کو آگ لگا دی۔تفصیلات کے مطابق عراق کے مختلف شہروں میں حکومت مخالف مظاہروں کا سلسلہ جاری ہے، مظاہرین نے شہر نجف میں قائم ایرانی قونصلیٹ کا آگ لگا دی، انتظامیہ نے جنوبی عراق میں کرفیو نافذ کردیا۔غیرملکی خبررساں ادارے کے مطابق مظاہرین نے ایران کے خلاف بھی سخت نعرے بازی کی، احتجاج کرنے والوں کا کہنا تھا کہ تہران حکومت عراقی پالیسی میں مداخلت کرتی ہے، مظاہرین ’ایران عراق سے نکلو‘ کے نعرے لگا رہے تھے۔قونصل خانے کی عمارت کو نذرآتش کرنے کے دوران خوش قسمتی سے سرکاری عملہ باہر آچکا تھا جس کے باعث کوئی جانی نقصان نہیں ہوا، ایرانی قونصل خانے پر یہ ایک ماہ میں دوسرا حملہ ہے۔ اس سے قبل کربلا میں ایرانی قونصل خانے پر تین ہفتے پہلے حملہ ہوا تھا۔خیال رہے کہ گزشتہ روز مظاہرین نے عراق کی سرکاری عمارت پر دھاوا بولا تاہم پولیس نے بروقت کارروائی کرتے ہوئے مظاہرین کی کوششیں ناکام بنا دیں، پولیس نے مظاہرین کو منتشر کرنے کے لیے آنسوگیس کی شیلنگ اور فائرنگ کی جس سے متعدد افراد زخمی ہوئے۔عراق میں حکومت مخالف مظاہرے جاری، سرکاری دفتر پر حملہواضح رہے کہ عراق کے مختلف شہروں میں کرپشن اور مہنگائی کے خلاف شہری سراپا احتجاج ہیں، گزشتہ دنوں جنوبی شہر بصریٰ اور نصیریہ میں پولیس اور مظاہرین کے درمیان جھڑپوں کے نتیجے میں 6 افراد ہلاک ہوئے تھے، جبکہ عراقی شہر ام قصر میں پولیس کی فائرنگ سے 9 مظاہرین جان کی بازی ہار گئے تھے۔
6,پاکستان,https://urdu.arynews.tv/pm-imran-khan-to-chair-ptis-parliamentary-party-meeting-today/,اسلام آباد: وزیراعظم عمران خان پاکستان تحریک انصاف کی پارلیمانی پارٹی کا اجلاس آج طلب کرلیا، جس میں ملک کی سیاسی، معاشی اور سیکیورٹی صورت حال پر تبادلہ خیال کیا جائے گا۔تفصیلات کے مطابق وزیراعظم عمران خان کی زیر صدارت پی ٹی آئی کی پارلیمانی پارٹی کا اجلاس آج شام 6 بجے پارلیمنٹ ہاؤس میں ہوگا۔ اجلاس میں ملک کی موجودہ سیاسی، معاشی اور سیکیورٹی صورت حال پر تبادلہ خیال کیا جائے گا۔پاکستان تحریک انصاف کے تمام اراکین اسمبلی کو اجلاس میں حاضری یقینی بنانے کی ہدایت کی گئی ہے۔ذرائع کے مطابق وفاقی کابینہ کی منظوری کے بعد سمری ایوان صدر ارسال کر دی گئی، صدر مملکت آرمی چیف کی ملازمت میں توسیع کی سمری کی منظوری دیں گے۔وزیراعظم عمران خان کی سربراہی میں گزشتہ روز ہنگامی اجلاس ہوا جس میں حکومتی وزراء، ماہرین قانون اور آرمی چیف جنرل قمر جاوید باجوہ بھی شریک ہوئے۔ اجلاس میں سپریم کورٹ میں ہونے والی سماعت پر مشاورت کی گئی اور سپریم کورٹ کے اٹھائے گئے سوالات پر غور کیا گیا تھا۔سپریم کورٹ نے آرمی چیف کی مدت ملازمت میں توسیع کا نوٹیفکیشن معطل کردیایاد رہے کہ دو روز قبل سپریم کورٹ آف پاکستان نے آرمی چیف جنرل قمر جاوید باجوہ کی مدت ملازمت میں توسیع کا نوٹیفکیشن معطل کر دیا تھا۔
7,پاکستان,https://urdu.arynews.tv/former-attorney-general-irfan-qadir-on-general-bajwa-extension/,اسلام آباد : سابق اٹارنی جنرل عرفان قادر کا کہنا ہے کہ عدالت چاہتی ہے معاملے پر غلطی کا ازالہ ہو،معاملے پر پورا کردار حکومت کا ہے، آرمی چیف کا نہیں ، حکومت کو مدت ملازمت میں توسیع پر ٹھوس وجوہات کا مؤقف اپنانا ہوگا۔تفصیلات کے مطابق سابق اٹارنی جنرل عرفان قادر نے آرمی چیف کی مدت ملازمت کیس سے متعلق کہا کہ عدالت چاہتی ہے معاملے پر غلطی کا ازالہ ہو، موجودہ اٹارنی جنرل نوٹس سے پہلے ہی تمام دستاویز لیکر گئے ، معاملے پر پورا کردار حکومت کا ہے، آرمی چیف کا نہیں۔عرفان قادر کا کہنا تھا کہ حکومت کو موقع دیاگیا ہے کہ یہ فیصلہ کس طرح سے ٹھیک ہے، حکومت کو عدالت میں بتانا ہے کہ مدت میں توسیع کی وجہ کیا ہے، میرا نہیں خیال معاملے پر سپریم کورٹ فیس سیونگ کرنےجارہاہے، حکومت نے مؤقف اپنایا کہ علاقائی سیکیورٹی پر توسیع کا فیصلہ کیاگیا، حکومت کو مدت ملازمت میں توسیع پر ٹھوس وجوہات کامؤقف اپنانا ہوگا۔سابق اٹارنی جنرل نے کہا ہر بات کا قانون میں لکھا ہونا ضروری نہیں ہے، مثال کے طورپرکسی سرکاری ملازم کو کھاناکھانا ہو تو شرائط قانون میں نہیں، سپریم کورٹ معاملے پر تاخیر نہیں کرے گی کیونکہ سپریم کورٹ بھی چاہتی ہے کہ معاملہ آج ہی حل ہوجائے۔ان کا مزید کہنا تھا کہ حکومت کو آج ہی اس معاملے پر سنجیدگی دکھانا ہوگی ، سپریم کورٹ نے دستاویز طلب کی ہیں ، کوئی روایت بن گئی ہےتوسپریم کورٹ  اس سےنہیں انحراف چاہتی ، اٹارنی جنرل کو عدالت میں ٹھوس مؤقف اپناناچاہیے، اٹارنی جنرل کا کام عدالت کی درست معاونت کرنا ہوتاہے۔دوسری جانب سابق وزیرقانون خالدرانجھا نے کہا کہ عدالت نے کہا ہم معاملےمیں مداخلت نہیں کرنا چاہتے عدالت چاہتی ہے کہ ہمیں مداخلت کیلئے مجبور نہ کیاجائے اور حکومت اپنا کام قانون کے مطابق کرے، اٹارنی جنرل وفاقی حکومت نہیں بلکہ پاکستان کےدفاع کیلئے ہوتاہے۔خیال رہے سپریم کورٹ میں آرمی چیف کی مدت ملازمت میں توسیع کیس کی سماعت جاری ہے، چیف جسٹس نے جنرل کیانی کی مدت ملازمت میں توسیع اور جنرل راحیل شریف کی ریٹائرمنٹ کے کاغذات منگوالئے اور کہا بتایاجائے راحیل شریف نے اپنا عہدہ کیسے چھوڑا؟
8,کھیل,https://urdu.arynews.tv/second-test-pakistan-and-australia-will-face-the-field-tomorrow/,ایڈلیڈ: آسٹریلیا کے خلاف پہلے ٹیسٹ میچ میں شکست کے بعد پاکستانی ٹیم دوسرے میچ میں کم بیک کرنے کے لیے پرعزم ہے، دونوں ٹیمیں کل سے میدان میں اتریں گی۔تفصیلات کے مطابق پاکستان اور آسٹریلیا کے درمیان دوسرا ٹیسٹ 29 نومبر (کل) سے کھیلا جائے گا، آسٹریلیا کو سیریز میں ایک صفر کی ناقابل شکست برتری حاصل ہے۔دوسرا ٹیسٹ میچ کھیلنے کے لیے پاکستانی ٹیسٹ ٹیم دو روز قبل برسبین سے ایڈلیڈ پہنچی، برسبین ٹیسٹ میں ناکامی کے بعد فائنل الیون میں دو تبدیلیوں کا امکان ہے، حارث سہیل کی جگہ امام الحق اور عمران خان سینیئر کی جگہ محمد عباس کو ٹیم میں شامل کیا جائے گا۔ ایڈلیڈ کے میدان میں پاکستان کبھی ٹیسٹ نہیں جیتا۔آسٹریلیا کے خلاف ٹیسٹ سیریز بھی پاکستان کے لیے بڑا چیلنج ثابت ہوا ہے، جبکہ مصباح کی کوچنگ میں مسلسل شکستوں کا سلسلہ جاری ہے، ان کے ہیڈکوچ اور چیف سلیکٹر بننے کے بعد بدقسمتی سے ٹیم ایک بھی میچ نہ جیت سکی، سری لنکا کے خلاف ہوم گراؤنڈ میں بھی پاکستان کو شکست کا مزا چکھنا پڑا تھا۔ٹیسٹ چیمپئن شپ کے پہلے میچ میں بھی پاکستان کو شرمناک شکست کا سامنا کرنا پڑا، آسٹریلیا نے پہلے ٹیسٹ میچ میں پاکستان کو اننگز اور 5 رنز سے ہرا دیا تھا، البتہ ٹیم کم بیک کرنے کے لیے پرعزم ہے، تاہم سیریز ہارنے کی صورت میں پی سی بی بڑے فیصلے کرسکتی ہے۔اگلا میچ ایڈلیڈ میں پنک بال سے ہوگا، پاکستان کو حکمت عملی بدلنی ہوگی ورنہ میچ کے ساتھ سیریز بھی ہاتھ سے جائے گی، ٹیم میں کیا تبدیلیاں ہوں گی اس سے متعلق کوئی حتمی فیصلہ سامنے نہیں آیا۔
9,پاکستان,https://urdu.arynews.tv/new-ig-punjab-shoaib-dastagir-takes-charge-of-the-post/,لاہور: نئے آئی جی پنجاب پولیس شعیب دستگیر نے عہدے کا چارج سنبھال لیا، شعیب دستگیر چارج سنبھالنے والے پانچویں آئی جی پنجاب پولیس ہیں۔تفصیلات کے مطابق پنجاب پولیس کے نئے سربراہ انسپکٹر جنرل (آئی جی) شعیب دستگر نے اپنے عہدے کا چارج سنبھال لیا، آئی جی پنجاب کو سی پی او دفترمیں پولیس کے چاق وچوبند دستے نے سلامی دی۔شعیب دستگیر اس سے پہلے ایم ڈی نیشنل پولیس فاؤنڈیشن تھے، وہ آئی جی آزاد کشمیر بھی رہ چکے ہیں اور یو این مشن میں بھی کام کا تجربہ رکھتے ہیں۔حکومت نے چیف سیکریٹری اور آئی جی پنجاب کو تبدیل کردیاشعیب دستگیر چارج سنبھالنے والے پانچویں آئی جی پنجاب پولیس ہیں۔ جنرل الیکشن 2018 کے وقت کلیم امام آئی جی پنجاب پولیس تھے جنہیں 10 ستمبر 2018 کو تبدیل کرکے محمد طاہر کو پنجاب پولیس کا نیا آئی جی تعینات کیا گیا۔محمد طاہر کو 14 اکتوبر 2018 کو تبدیل کردیا گیا جس کے بعد امجد جاوید سلیمی نے 15 اکتوبر کو پنجاب پولیس کے نئے سربراہ کا عہدہ سنبھالا۔ انہیں 16 اپریل 2019 کو عہدے سے ہٹا دیا گیا۔امجد جاوید سلیمی کی جگہ 17 اپریل 2019 کو کیپٹن ریٹائرڈ عارف نواز خان نئے آئی جی پنجاب تعینات ہوئے جنہیں دو روز قبل تبدیل کر دیا گیا۔
10,متفرق,https://urdu.arynews.tv/91st-birth-anniversary-of-bano-qudsia/,آج اردو کی مشہور ناول نویس، افسانہ نگار اور ڈرامہ نگار بانو قدسیہ کا 91 واں یوم پیدائش ہے۔ اردو ادب کی شاہکار تصنیف ’راجہ گدھ‘ اور دیگر بے شمار لازوال تصانیف کی خالق بانو قدسیہ 3 سال قبل خالق حقیقی سے جا ملی تھیں۔بانو قدسیہ 28 نومبر سنہ 1928 کو فیروز پور(بھارت) میں پیدا ہوئی تھیں۔ انہیں بچپن سے ہی کہانیاں لکھنے کا شوق تھا اور پانچویں جماعت سے انہوں نے باقاعدہ لکھنا شروع کردیا۔ بانو قدسیہ نے ایف اے اسلامیہ کالج لاہور جبکہ بی اے کنیئرڈ کالج لاہور سے کیا۔سنہ 1950 میں انہوں نے پنجاب یونیورسٹی سے ماسٹرز کیا اورمشہور افسانہ نگاراورڈرامہ نویس اشفاق احمد سے رشتہ ازدواج میں منسلک ہوگئیں۔ معروف مصنف ممتاز مفتی اپنی تصنیف ’الکھ نگری‘ میں ان کی شادی کا قصہ نہایت دلچسپ انداز میں بیان کرتے ہیں، جس کے مطابق اشفاق احمد کا پٹھان خاندان ایک غیر پٹھان لڑکی سے ان کی شادی پر آمادہ نہیں تھا، اور ان دونوں کا نکاح بانو قدسیہ کے گھر پر نہایت رازداری سے ہوا تھا۔شادی کے بعد بانو قدسیہ نے اپنے شوہر کے ہمراہ ادبی پرچہ داستان گو جاری کیا۔بانو قدسیہ کا شمار اردو کے اہم افسانہ نگاروں میں ہوتا ہے۔ ان کے افسانوی مجموعوں میں ناقابل ذکر، بازگشت، امر بیل، دست بستہ، سامان وجود ، توجہ کی طالب، آتش زیرپا اور کچھ اور نہیں کے نام شامل ہیں۔ انہوں نے کئی ناول بھی تحریر کیے۔ ان کا شہرہ آفاق ناول راجہ گدھ اپنے اسلوب کی وجہ سے اردو کے اہم ناولوں میں شمار ہوتا ہے۔ان کی دیگر تصانیف میں ایک دن، شہرلا زوال، پروا، موم کی گلیاں، چہار چمن، دوسرا دروازہ، ہجرتوں کے درمیاں اور ان کی خود نوشت راہ رواں کے نام سر فہرست ہیں۔بانو قدسیہ نے ٹیلی ویژن کے لیے بھی کئی یادگار ڈرامہ سیریلز اور ڈرامہ سیریز تحریر کیے جن کے متعدد مجموعے شائع ہوچکے ہیں۔ حکومت پاکستان نے آپ کو ستارہ امتیاز کا اعزاز عطا کیا ہے۔ممتاز مفتی اپنی ایک تحریر میں لکھتے ہیں، ’پہلی مرتبہ میں نے بانو کو اس وقت سنا جب قدسی کے بڑے بیٹے نوکی نے کہا، امی ایڈیٹر صاحب آپ سے ملنے آئے ہیں۔ قدسی ڈرائنگ روم میں چلی گئیں‘۔’پھر ڈرائنگ روم میں کوئی باتیں کر رہی تھی۔ افسانوں کی باتیں، کرداروں کی باتیں، مرکزی خیال، انداز بیان کی خصوصیات کی باتیں، ان باتوں میں فلسفہ، نفسیات اور جمالیات تھی‘۔’میں حیرت سے سن رہا تھا۔ اللہ اندر تو قدسی گئی تھی لیکن یہ باتیں کون کر رہی ہے۔ قدسی نے تو کبھی ایسی باتیں نہیں کیں وہ تو خالی جی ہاں، جی ہاں ہے اگر، مگر، چونکہ، چنانچہ، کون ہے کرتی تھی۔ تب مجھے پتہ چلا بانو کون ہے‘۔اپنے ناول راجہ گدھ میں بانو قدسیہ نے ایک کردار پروفیسر سہیل کی زبانی حرام اور حلال کے نظریے کو نہایت انوکھے انداز میں بیان کیا ہے۔ ’جس وقت حرام رزق جسم میں داخل ہوتا ہے وہ انسانی جینز کو متاثر کرتا ہے۔ رزق حرام سے ایک خاص قسم کی میوٹیشن ہوتی ہے جو خطرناک ادویات، شراب اور ریڈی ایشن سے بھی زیادہ مہلک ہے۔ رزق حرام سے جو جینز تغیر پذیر ہوتے ہیں وہ لولے، لنگڑے اور اندھے ہی نہیں ہوتے بلکہ نا امید بھی ہوتے ہیں نسل انسانی سے۔ یہ جب نسل در نسل ہم میں سفر کرتے ہیں تو ان جینز کے اندر ایسی ذہنی پراگندگی پیدا ہوتی ہے جس کو ہم پاگل پن کہتے ہیں۔ یقین کر لو رزق حرام سے ہی ہماری آنے والی نسلوں کو پاگل پن وراثت میں ملتا ہے اور جن قوموں میں من حیث القوم رزق حرام کھانے کا لپکا پڑ جاتا ہے وہ من حیث القوم دیوانی ہونے لگتی ہیں‘۔بانو قدسیہ سنہ 2017 میں 4 فروری کو علالت کے بعد لاہور کے نجی اسپتال میں انتقال کر گئیں جس کے بعد اردو ادب کا ایک تابندہ باب بند ہوگیا۔ انہیں ان کے محبوب شوہر اشفاق احمد کے پہلو میں سپرد خاک کیا گیا۔
11,پاکستان,https://urdu.arynews.tv/fia-arrests-two-human-traffickers-in-islamabad/,اسلام آباد: ایف آئی اے نے اسلام آباد ایئرپورٹ پر کارروائی کرتے ہوئے انسانی اسمگلنگ میں ملوث نیٹ ورک کے 2 ایجنٹ سمیت 6 افراد کو گرفتار کرلیا۔تفصیلات کے مطابق ایف آئی اے نے اسلام آباد ایئرپورٹ پر کارروائی کے دوران انسانی اسمگلنگ میں ملوث 2 ملزمان سمیت 6 افراد کو گرفتار کرلیا۔ ملزمان 4 افراد کو نجی ایئرلائنز سے کمبوڈیا براستہ قطر لے جا رہے تھے۔ایف آئی اے حکام کے مطابق ملزمان نے حریم ٹریول کے نام سے جعلی دستاویزات بنا رکھی تھیں، ملزمان نے سرفراز، ذیشان، نعمان اور حامد کو اپنا ملازم ظاہر کیا تھا۔ایف آئی اے حکام نے بتایا کہ ملزمان نے کمبوڈیا جانے کے لیے فی کس 4 لاکھ 20 ہزار روپے وصول کر رکھے تھے، ملزمان نے کمبوڈیا کے ویزے جعلی دستاویزات پر ویتنام سے حاصل کیے تھے۔ ملزم طلحہ شہزاد کا ایک بھائی کمبوڈیا میں انسانی اسمگلنگ میں شامل ہے۔یاد رہے کہ گزشتہ ماہ فیصل آباد میں ایف آئی اے نے بڑی کارروائی کرتے ہوئے گجرات اور منڈی بہاؤالدین سے غیرقانونی طریقے سے ترکی اور یونان جانے والے 45 شہری گرفتار کرلیے تھے اس کے علاوہ 9 انسانی اسمگلرز اور پراپرٹی ایجنٹس کو گرفتار کرکے ان کے خلاف بھی مقدمات درج کیے گئے تھے۔
12,عالمی خبریں,https://urdu.arynews.tv/1-in-2-indians-paid-a-bribe-at-least-once-in-the-past-year-survey-finds/,نئی دہلی: بھارت میں بدعنوانی سے متعلق جاری ہونے والی ایک تازہ رپورٹ میں کہا گیا ہے کہ بدعنوانی اور کرپشن کے خلاف تمام تر اقدامات کے باوجود رشوت لینے اور دینے کا عمل جاری ہے۔تفصیلات کے مطابق بھارت کرپشن سروے 2019 میں حصہ لینے والے آدھے سے زیادہ لوگوں کا کہنا تھا کہ انہوں نے اپنے کام کروانے کے لیے رشوت دی ہیں۔ سروے کرنے والے ادارے ٹرانسپیرنسی انٹرنیشنل انڈیا کا کہنا تھا کہ اگرچہ رشوت کے واقعات میں گذشتہ سال کے مقابلے میں دس فیصد کی کمی آئی ہے، لیکن پھر بھی بدعنوانی کے معاملے میں دنیا کے 180 ممالک میں اںڈیا 78 ویں نمبر پر ہے۔سروے کے مطابق 35 فیصد لوگوں نے کہا کہ انہوں نے اپنا کام کروانے کے لیے نقدی کی شکل میں رشوت دی جبکہ 16 فیصد لوگوں کا کہنا تھا کہ انھوں نے ہمیشہ بغیر رشوت دیے اپنا کام کروایا ہے۔ ٹرانسپیرنسی انٹرنیشنل انڈیا نے تقریباً 20 ریاستوں کے 248 اضلاع میں سروے کیا جہاں ایک لاکھ 90 ہزار لوگوں نے ان کے سروے کا جواب دیا۔ان کی بنیاد پر ادارے کا کہنا تھا کہ گذشتہ 12 مہینوں میں 51 فیصد لوگوں نے رشوت دی ہے۔ ان کے مطابق دہلی، ہریانہ، گجرات، مغربی بنگال، کیرالہ، گوا اور اڑیسہ کے لوگوں نے بدعنوانی کے واقعات میں کمی کا اظہار کیا ہے جبکہ راجستھان، اترپردیش، بہار، تیلنگانہ، کرناٹک، تمل ناڈو، جھارکھنڈ اور پنجاب جیسی ریاستوں میں بدعنوانی کے زیادہ واقعات نظر آئے۔سروے میں کہا گیا کہ سرکاری دفاتر میں رشوت کا اب تک بول بالا ہے حالانکہ وہاں سی سی ٹی وی کیمرے لگ گئے ہیں اور زیادہ تر کام کمپیوٹر پر ہونے لگے ہیں۔سب سے زیادہ رشوت جائیداد کے رجسٹریشن اور زمین کے معاملے میں دی جاتی ہے کیونکہ 26 فیصد لوگوں نے یہی بات کہی ہے جبکہ 12 فیصد لوگوں کا خیال اس کے برعکس ہے۔
13,پاکستان,https://urdu.arynews.tv/governor-sindh-on-economy/,کراچی: گورنر سندھ عمران اسماعیل نے 16 ممالک کے دفاعی اتاشیوں سے ملاقات کے دوران کہا کہ موجودہ حکومت کے دور میں معیشت کے ہر شعبے میں ترقی ہو رہی ہے۔تفصیلات کے مطابق گورنر سندھ عمران اسماعیل سے 16 ممالک کے دفاعی اتاشیوں اور سفارتی عملے کے وفد کی ملاقات ہوئی۔ملاقات میں گورنر سندھ عمران اسماعیل کا کہنا تھا کہ کامیاب سفارت کاری سے مشترکہ مفادات کا تحفظ یقینی بنانے میں مدد ملتی ہے، پاکستان خطے سمیت دیگر ممالک سے اقتصادی تعاون بڑھانے کا خواہش مند ہے۔گورنر نے کہا کہ سفارتی وفود کے تبادلوں سے سرمایہ کاری میں اضافہ کیا جاسکتا ہے، موجودہ حکومت کے دور میں معیشت کے ہر شعبے میں ترقی ہو رہی ہے۔انہوں نے مزید کہا کہ سی پیک سے پاکستان میں ترقی و خوشحالی کے نئے دور کا آغاز ہو رہا ہے۔اس سے قبل ایک موقع پر گورنر سندھ کا کہنا تھا کہ پاکستانی معیشت کی بہتری کا دعویٰ ورلڈ بینک اور مالیاتی ادارے کر رہے ہیں۔ ورلڈ بینک نے 2028 کی سرفہرست معیشتوں میں پاکستان کو شمار کیا ہے۔انہوں نے کہا تھا کہ ملک میں 8 سال میں اتنی غیر ملکی سرمایہ کاری نہیں ہوئی جتنی اب ہو رہی ہے، پاکستانی کی رینکنگ کاروباری آسانی میں بہتر ہوئی ہے۔
14,پاکستان,https://urdu.arynews.tv/116th-day-of-curfew-in-iok/,سری نگر: جنت نظیر وادی مقبوضہ کشمیر میں کرفیو اور لاک ڈاؤن 116ویں روز میں داخل ہوگیا ہے، وادی میں زندگی مسلسل مفلوج ہے، دکانیں، کاروبار، تعلیمی مراکز بند ہیں اور لوگ گھروں میں محصور ہو کر رہ گئے ہیں۔تفصیلات کے مطابق مقبوضہ وادی کرفیو اور لاک ڈاؤن کا 116واں روز ہے، وادی بھر میں تمام مواصلاتی رابطے، انٹرنیٹ سروس اور دیگر طبی سہولیات معطل ہیں۔قابض بھارتی فوج نے کشمیریوں کی زندگی اجیرن بنا دی ہے، حالات تاحال کشیدہ ہیں اور وادی کا دنیا سے تعلق تاحال منقطع ہے، خوارک اور ادویات کی قلت بھی برقرار ہے۔کشمیر میڈیا سروس کے مطابق کشمیری رہنماؤں، نوجوانوں سمیت بچے بھی جیلوں میں قید ہیں، 3 ماہ سے کشمیریوں کو نماز جمعہ مساجد میں ادا کرنے نہیں دی جا رہی۔سابق بھارتی وائس ایئرمارشل کا مقبوضہ کشمیرمیں مظالم کا اعترافیاد رہے کہ 3 روز قبل بھارتی ایئر فورس کے سابق ایئر مارشل کپل کاک کا کہنا تھا کہ مقبوضہ کشمیر یخ بستہ جیل ہے، 80 لاکھ کشمیری یخ بستہ قید میں ہیں، صورت حال نارمل کیسے کہہ سکتے ہیں۔سابق بھارتی وائس ایئر مارشل کپل کاک نے مقبوضہ کشمیر میں مظالم کا اعتراف کرتے ہوئے کہا تھا کہ اعلانات کے بجائے کشمیریوں کا درد سمجھنے کی ضرورت ہے۔
15,پاکستان,https://urdu.arynews.tv/department-of-educations-decision-to-bring-transparency-in-teachers-recruitment/,پشاور: خیبرپختونخوا کے محکمہ تعلیم نے اساتذہ کی بھرتیوں میں شفافیت لانے کا فیصلہ کرلیا، جلد پالیسی متعارف کرائی جائے گی۔تفصیلات کے مطابق سرکاری تعلیمی اداروں میں اب وہ اساتذہ بھرتی کیے جائیں گے جو میرٹ پر پورے اترتے ہوں، خیبرپختونخواہ کے محکمہ تعلیم نے اہم فیصلہ کرلیا، محکمہ تعلیم نے ای ریکروٹمنٹ پالیسی متعارف کرانے پر بھی کام شروع کردیا۔مشیر تعلیم کے پی ضیااللہ بنگش کا کہنا ہے کہ کے پی آئی ٹی بورڈ کے تعاون سے پالیسی پر کام جاری ہے، پالیسی کے تحت امیدوار سے کمپیوٹر بیسڈٹیسٹ لیا جائے گا، ہر امیدوار کا ٹیسٹ دوسرے امیدوار سے الگ ہوگا۔پالیسی متعارف ہونے کے بعد ایک دن میں کئی ٹیسٹ کا انعقاد ممکن ہوگا۔مشیر نے بتایا کہ ای ریکرومنٹ پالیسی میں امیدوار آن لائن اپلائی کرسکیں گے، ای ریکرومنٹ پالیسی میں تعلیمی بورڈز کو آن بورڈ لیں گے، پالیسی سے ٹیسٹنگ مافیا اور سسٹم خراب کرنے والوں سے چھٹکارا ملے گا، اگلے ہفتے تک پالیسی وضع ہوجائے گی۔خیال رہے کہ ملک میں سرکاری اسکولوں اور کالجز میں گھوسٹ اساتذہ بھی پائے جاتے ہیں۔
16,عالمی خبریں,https://urdu.arynews.tv/women-easy-targets-in-held-kashmir-says-hrw/,واشنگٹن  : انسانی حقوق کی تنظیم ہیومن رائٹس واچ کا کہنا ہے کہ بھارتی فوج مقبوضہ کشمیر میں عصمت دری کو جنگی حربے کے طور پر استعمال کررہی ہے ، کشمیری خواتین کی عصمت دری کرنیوالے بھارتی فوجیوں کو سزا نہیں دی جاتی، انھیں ہر قسم کے مقدمے سے استثنی ہے۔تفصیلات کے مطابق انسانی حقوق کی تنظیم ہیومن رائٹس واچ نے مقبوضہ کشمیر کی صورتحال کے حوالے سے کہا کہ بھارتی فوج مقبوضہ کشمیر میں عصمت دری کو جنگی حربے کے طور پر استعمال کررہی ہے، مقبوضہ وادی میں آزادی کی جدوجہد کو دبانے کے لئے بھارتی فورسز خواتین کو نشانہ بناتی ہیں۔ہیومن رائٹس واچ کا کہنا تھا کہ کشمیری خواتین کی عصمت دری کرنے والے بھارتی فوجی اہلکاروں کو سزا نہیں دی جاتی، اقوام متحدہ کی رپورٹ کے مطابق آرمڈ فورسزاسپشل ایکٹ کے تحت بھارتی فوج کو غیر معمولی اختیارات دئیے گئے ہیں، کالے قانون کے تحت بھارتی فوجیوں کو ہر قسم کے مقدمے سے استثنیٰ حاصل ہے۔یاد رہے آسٹریلین صحافی نے بھارتی مظالم سے پردہ اٹھاتے ہوئے بتایا تھا کہ وادی میں ہونے والی قتل و غارت گری، تشدد اور جبری گمشدگیوں کے ساتھ اب بھارتی فوجی خواتین کی عصمت دری بھی کررہے ہیں۔خیال رہے بھارتی ٹی وی شو میں بحث کے دوران انتہا پسند سوچ رکھنے والے بھارتی فوج کے سابق جنرل ایس پی سنہا نے کھلے عام کشمیری خواتین سےدرندگی کی حمایت کی تھی۔واضح رہے بھارت نے مقبوضہ کشمیر پر فوجی طاقت کے ذریعے اپنا تسلط قائم کیا ہوا تھا اور رواں ماہ پانچ اگست کو وہاں کی خصوصی حیثیت ختم کرتے ہوئے وادی کو بھارت کا ہی حصہ بنا ڈالا جس پر عالمی دنیا نے بھی شدید احتجاج کیا۔مقبوضہ کشمیر میں پانچ اگست کے بعد سے مسلسل کرفیو اور لاک ڈاؤن ہے جس کے باعث اشیائے خردونوش اور ادویات کی قلت پیدا ہوگئی، جبکہ وادی میں ٹیلی فون، انٹرنیٹ اور ٹی وی ، ریڈیو سروسز بھی بند ہیں ، صحافیوں کے داخلے پر بھی بھارتی حکومت نے پابندی عائد کی ہوئی ہے۔
17,پاکستان,https://urdu.arynews.tv/aps-survivor-ahmed-nawaz-awarded-global-legacy-award-2019/,لندن : سانحہ اے پی ایس میں دہشت گردوں اور موت کو شکست دینے والے طالب علم احمد نواز نے ایک بار پھر پاکستانی قوم کا سرفخر سے بلند کر دیا، احمد نواز نے 2019 کا لیگیسی ایوارڈ اپنے نام کرلیا۔تفصیلات کے مطابق لندن میں سانحہ اے پی ایس کے زخمی طالب علم احمد نواز نے 2019کا لیگیسی ایوارڈ حاصل کرلیا ہے، احمد نواز کو کینزنگٹن پیلیس میں مدعوکیا گیا، جہاں انہوں نے شہزادہ ولیم سےبھی ملاقات کی۔یاد رہے رواں سال جولائی میں سانحہ اے پی ایس میں دہشت گردوں اور موت کو شکست دینے والے طالب علم احمد نواز کو لندن میں ڈیانا ایوارڈ سےنوازا گیا تھا، احمد نواز کو نوجوانوں کی تعلیم کے حوالے سے ان کی خدمات پر یہ ایوارڈ دیا گیا۔اس سے قبل برطانوی وزیراعظم کی جانب سے احمد نواز کے لئے پوائنٹ آف لائٹ ایوارڈ کا اعلان کیا تھا ، برطانوی وزیراعظم کی جانب سے جاری کردہ خط میں انتہاپسندی کے خلاف احمد نواز کی خدمات کا اعتراف کرتے ہوئے کہا تھا اس مہم میں احمدنواز نےگرانقدرکام کیا۔علاوہ ازیں احمد نواز کو برطانیہ اور یورپ کا ینگ پرسن آف دی ایئر، ایشیا انسپائریشن ایوارڈ اور درجنوں دیگر ایوارڈز سے نوازا جا چکا ہے۔واضح رہے 16 دسمبر 2014 کو پشاور آرمی پبلک اسکول میں خون کی ہولی کھیلی گئی تھی، دہشت گردوں نے علم کے پروانوں کے بے گناہ لہو سے وحشت و بربریت کی نئی تاریخ رقم کی تھی اور دردناک سانحے اور دہشت گردی کے سفاک حملے میں 147 افراد شہید ہوگئے تھے، جس میں 132 بچے بھی شامل تھے۔سانحہ اے پی ایس پشاور میں زخمی ہونے والے طالب علم احمد نواز کو حکومت نے سرکاری خرچ پر 2015 میں علاج کے لیے برطانیہ بھیجا تھا، جہاں اُن کا علاج کوئین الزبتھ اسپتال میں ہوا، برطانوی ڈاکٹرز نے احمد نواز کا علاج کیا جس کے بعد وہ صحت مند زندگی کی طرف لوٹے اور پھر لندن میں ہی تعلیم کا آغاز کیا۔
18,پاکستان,https://urdu.arynews.tv/pecial-court-hears-musharraf-high-treason-case/,اسلام آباد : خصوصی عدالت نے آئین شکنی کیس میں پرویزمشرف کو 5 دسمبرتک بیان ریکارڈ کرانے کاحکم دےدیا اور کہا5 دسمبرسےروزانہ کی بنیاد پر سماعت ہوگی، کوئی التوا نہیں دیا جائے گا۔ تفصیلات کے مطابق خصوصی عدالت میں جسٹس وقار احمد سیٹھ کی سربراہی میں تین رکنی بینچ نے پرویز مشرف سنگین غداری کیس پر سماعت کی۔جسٹس سیدوقار سیٹھ نے کہا ہائی کورٹ کے اختیار سماعت پر کوئی تبصرہ نہیں کرنا چاہتے، ہم سلمان صفدر کو پیش ہونے کی اجازت دینے کے پابند نہیں، سلمان صفدر کے حوالے سے ہمارے پاس سپریم کورٹ کا حکم موجود ہے، سلمان صفدرآپ چاہیں تو ہمارے مقرر کردہ وکیل کی معاونت کرسکتے ہیں۔ایڈووکیٹ سلمان صفدرکو پیشی کی اجازت دینے کی بجائے سختی سےخاموش رہنے کی ہدایت کی ، ایڈووکیٹ شبررضا نے کہا میرامقدمہ خارج کیے جانے کی میری درخواست سماعت کی جائے، جس پر عدالت نے کہا مقدمہ خارج کرنےکیےجانےکی پہلی درخواست پرآرڈر ہوچکا ہے ، دوسری درخواست پرنیا بیان حلفی یا دلائل پیش کرنے کی اجازت نہیں۔عدالت کا کہنا تھا کہ ہائی کورٹ کےحکم کےمطابق وزارت داخلہ 5دسمبر تک ٹیم مقرر کردے، وزارت خارجہ چاہے50رکنی ٹیم مقرر کرےلیکن ہم سنیں گے ،صرف ایک کو، عدالت نے شبررضاکو ہدایت کی آپ 5تاریخ سےپہلےاپنےتحریری دلائل جمع کرائیں۔جسٹس شیخ وقار نے کہا ہائی کورٹ کے حکم میں آرٹیکل10کاتذکرہ ہے،اس پر مکمل عمل کرچکے ہیں، ملزم کو متعدد بار اپنا موقف پیش کرنے کا موقع دیا گیا، آج بھی ملزم عمارت کے کسی کونے میں موجود ہیں توآجائے ہم سن لیں گے۔پرویز مشرف آئین شکنی کیس کی خصوصی عدالت نے کہا 5دسمبر کے بعد التوا نہیں دیں گے ، روزانہ کی بنیاد پر سماعت ہوگی ، پراسیکیویشن ٹیم پوری تیاری کے ساتھ پیش ہو جبکہ سرکاری وکیل کو 5 دسمبر کو دلائل مکمل کرنے کی ہدایت کرتے ہوئے کہا پرویز مشرف 5دسمبر سے قبل کسی بھی دن اپنابیان ریکارڈ کراسکتے ہیں۔تحریری جواب جمع نہ کرانے پر عدالت نے اظہار برہمی کیا تو سرکاری وکیل نے کہا ہم نےبریت کی درخواست دائرکررکھی ہے، جس پر جسٹس وقاراحمدسیٹھ کا کہنا تھا کہ آپ نے ہمارے احکامات نہیں پڑھے، ہم ہائی کورٹ کے فیصلے پر کوئی تبصرہ نہیں کریں گے۔اسلام آباد:وزارت داخلہ کا نمائندہ عدالت میں پیش ہوا تو عدالت نے کہا ہائیکورٹ نےآپ کو5دسمبرتک پراسیکیوشن تعینات کرنےکاحکم دیا، پرویز مشرف آئندہ سماعت سےقبل جب چاہیں آکربیان ریکارڈ کراسکتےہیں، آئندہ سماعت تک بیان ریکارڈ کرانے کا موقع دےرہےہیں، آئندہ سماعت کے بعدکوئی درخواست نہیں لیں گے۔جسٹس شاہد کریم نے کہا ہم ہائی کورٹ کے فیصلے پر عملدرآمد کے پابندنہیں،ہم صرف سپریم کورٹ کے احکامات کےپابندہیں ، بعد ازاں پرویز مشرف سنگین غداری کیس پر سماعت 5 دسمبر تک ملتوی کردی۔گذشتہ روز اسلام آباد ہائی کورٹ نے آئین شکنی کیس میں وزارت داخلہ کی درخواست منظور کرلی تھی اور خصوصی عدالت کو آئین شکنی کیس کا فیصلہ سنانے سے روک دیا تھا ، ہائی کورٹ نے حکم دیا تھا کہ خصوصی عدالت کچھ دیر کیلئے پرویز مشرف کامؤقف سن لے اور پھر فیصلہ دے۔بعد ازاں اسلام آباد ہائی کورٹ نے آئین شکنی کیس کا فیصلہ روکنے کا 2 صفحات پر مشتمل حکم نامہ جاری کردیا، جس میں حکم دیا گیا ہے کہ خصوصی عدالت پرویزمشرف کی بریت کی درخواست کاقانون کےمطابق فیصلہ کرے، حکمنامہ میں عدالت عالیہ نے وفاقی حکومت کو 5 دسمبر تک غداری کیس کا نیا پراسیکیوٹر تعینات کرنے کا حکم دیا تھا۔واضح رہے 19 نومبر کو خصوصی عدالت نے سابق صدر پرویز مشرف کے خلاف آئین شکنی کیس کا فیصلہ محفوظ کیا تھا، جو 28 نومبر کو سنایا جائے گا، فیصلہ یک طرفہ سماعت کے نتیجے میں سنایا جائے گا۔
19,تجارت,https://urdu.arynews.tv/pakistan-stock-exchange-report-28-nov-2019/,کراچی: پاکستان اسٹاک ایکسچینج میں آج تیزی کا رجحان دیکھا گیا، 100 انڈیکس 38 ہزار پوائنٹس سے تجاوز کرگیا۔تفصیلات کے مطابق جمعرات کے روز اسٹاک مارکیٹ میں تیزی کا رجحان دیکھا گیا، 100 انڈیکس میں 620 پوائنٹس کا اضافہ ہوا جس کے بعد انڈیکس 38 ہزار 742 پوائنٹس پر ٹریڈ کر رہا ہے۔رواں ہفتے دو دن قبل اسٹاک مارکیٹ میں مندی کا رجحان دیکھا گیا تھا۔ منگل کے روز انڈیکس میں 38 ہزار پوائنٹس کی نفسیاتی حد برقرار نہ رہ سکی۔دن کے اختتام تک 100 انڈیکس میں 374 پوائنٹس کی کمی ریکارڈ کی گئی جس کے بعد انڈیکس 37 ہزار 839 پوائنٹس پر بند ہوا تھا۔منگل کے روز 48 کروڑ 80 لاکھ حصص کا کاروبار ہوا تھا، حصص کی مالیت 11 کروڑ 80 لاکھ ڈالر رہی۔ منگل کو ہونے والا کاروباری حجم 30 ماہ کی بلند ترین سطح کا حجم تھا۔
20,کھیل,https://urdu.arynews.tv/national-team-camps-in-adelaide-practice-continued-for-the-second-day/,ایڈلیڈ: آسٹریلیا کے خلاف دوسرا اور آخری ٹیسٹ میچ اپنے نام کرنے کے لیے قومی ٹیم کی پریکٹس دوسرے روز بھی جاری ہے۔تفصیلات کے مطابق قومی ٹیم غلطیوں کو نہ دہرا کر سیریز میں واپسی کا عزم لیے دوسرے روز بھی ایڈلیڈ میں پریکٹس کررہی ہے، ایڈلیڈ میں اسپنرز کو مدد ملےگی، یاسرشاہ کا کردار اہم ہوگا، شائقین کرکٹ نے ٹیم سے امیدیں باندھ لیں۔پاکستان اور آسٹریلیا کے درمیان دوسرا ٹیسٹ 29 نومبر (کل) سے کھیلا جائے گا، آسٹریلیا کو سیریز میں ایک صفر کی ناقابل شکست برتری حاصل ہے۔ دوسرا ٹیسٹ میچ کھیلنے کے لیے پاکستانی ٹیسٹ ٹیم دو روز قبل برسبین سے ایڈلیڈ پہنچی۔برسبین ٹیسٹ میں ناکامی کے بعد فائنل الیون میں دو تبدیلیوں کا امکان ہے، حارث سہیل کی جگہ امام الحق اور عمران خان سینیئر کی جگہ محمد عباس کو ٹیم میں شامل کیا جائے گا۔ ایڈلیڈ کے میدان میں پاکستان کبھی ٹیسٹ نہیں جیتا۔دوسرا ٹیسٹ: پاکستان اور آسٹریلیا کل سے مدمقابل ہوں گےدوسری جانب سابق آسٹریلوی کپتان اور مایہ ناز بلے باز اسٹیون اسمتھ نے پاکستان کے خلاف پہلے ٹیسٹ میچ میں یاسر شاہ کے ہاتھوں آؤٹ ہونے کے بعد نئی حکمت عملی تیار کرلی ہے۔خیال رے کہ اسٹیون اسمتھ پہلے ٹیسٹ میچ میں صرف 4رنز بنانے کے بعد یاسر شاہ کو وکٹ دے بیٹھے تھے اور یاسر نے انہیں آؤٹ کرنے کے بعد انگلیوں سے 7 اشارہ کیا تھا۔ یاسر کا یہ اشارہ کرنے کا مقصد یہ ظاہر کرنا تھا کہ وہ اب تک ٹیسٹ میچوں میں اسمتھ کو 7مرتبہ نشانہ بنا چکے ہیں۔
21,پاکستان,https://urdu.arynews.tv/those-who-perform-will-stay-ig-punjab/,لاہور: آئی جی پنجاب پولیس شعیب دستگیر نے کہا کہ جوکام کرے گا وہ محکمے میں رہے گا، ضرورت ہے پولیس احتساب کے موجودہ نظام کو بہتر بنائے۔تفصیلات کے مطابق آئی جی پنجاب پولیس شعیب دستگیر کا کہنا ہے کہ لاہور میں بڑھتے ہوئے کرائم پر کنٹرول کیا جائے گا، کرائم بڑھا ہے تو اسے ٹھیک کریں گے اور بہتری لائیں گے۔انہوں نے کہا کہ جو قانون کی کتاب تسلیم نہیں کرتا اسے ہمارے ساتھ رہنے کا حق نہیں ہے، وردی کے زور پر سب کچھ کرنے والوں کا احتساب ہونا ضروری ہے، ضرورت ہے پولیس احتساب کے موجودہ نظام کو بہتر بنائے۔آئی جی پنجاب پولیس شعیب دستگیر نے کہا کہ جوکام کرے گا وہ محکمے میں رہے گا، ضرورت ہے پولیس احتساب کے موجودہ نظام کو بہتر بنائے۔نئے آئی جی پنجاب شعیب دستگیر نے عہدے کا چارج سنبھال لیاخیال رہے کہ آج صبح پنجاب پولیس کے نئے سربراہ انسپکٹر جنرل (آئی جی) شعیب دستگر نے اپنے عہدے کا چارج سنبھالا، آئی جی پنجاب کو سی پی او دفترمیں پولیس کے چاق وچوبند دستے نے سلامی دی۔واضح رہے کہ گزشتہ دنوں وزیراعظم عمران خان اور تحریک انصاف کی کور کمیٹی نے پنجاب میں انتظامی معاملات پر عدم اطمینان کا اظہار کرتے ہوئے اہم عہدوں اور بیورو کریسی میں اکھاڑ پچھاڑ کا عندیہ دیا تھا۔
22,کھیل,https://urdu.arynews.tv/there-are-several-changes-to-the-team-the-announcement-will-be-made-tomorrow-azhar-ali/,ایڈلیڈ: قومی ٹیسٹ ٹیم کے کپتان اظہر علی کا کہنا ہے کہ اگر ہمیں آسٹریلیا کے خلاف آخری میچ جیتنا ہے تو تاریخ بدلنی ہوگی، ایڈلیڈ میں بولنگ کے ساتھ بیٹنگ کے لیے پچ اچھی ہے۔تفصیلات کے مطابق میڈیا سے گفتگو کرتے ہوئے کپتان اظہر علی کا کہنا تھا کہ ٹیم میں کئی تبدیلیاں کی گئی ہیں جس کا اعلان کل کریں گے، ہمیں میچ جیتنے کے لیے وکٹیں لینی پڑیں گی، آسٹریلیا میں بولنگ کے ساتھ بیٹنگ کے لیے پچ اچھی ہوتی ہے۔انہوں نے کہا کہ آپ کو اپنے پلان صحیح طرح استعمال کرنے ہوتے ہیں، دوسرے ٹیسٹ میں تیسرے نمبر پر بیٹنگ کروں گا، ڈیوڈوارنر ورلڈ کلاس پلیئر ہیں، ہم نے ڈیوڈوارنر کے خلاف صحیح جگہ بولنگ نہیں کی۔ان کا کہنا تھا کہ ٹیم نے گزشتہ میچ میں اچھی اسپرٹ دکھائی، تیسرے اور چوتھے دن لڑکوں نے گراؤنڈ میں اچھی فائٹ کی، ڈریسنگ روم میں مثبت ماحول ہے، کوشش کریں گے میچ جیتیں، ڈے نائٹ ٹیسٹ میچ بال کے ساتھ کنڈیشنز بھی مختلف ہوتی ہے۔قومی ٹیم کے ایڈلیڈ میں ڈیرے، دوسرے روز بھی پریکٹس جاریاظہرعلی نے مزید کہا کہ پہلے بھی آسٹریلیا میں نائٹ سیشن میں اچھا کھیلا ہے۔پاکستان اور آسٹریلیا کے درمیان دوسرا ٹیسٹ 29 نومبر (کل) سے کھیلا جائے گا، آسٹریلیا کو سیریز میں ایک صفر کی ناقابل شکست برتری حاصل ہے۔ دوسرا ٹیسٹ میچ کھیلنے کے لیے پاکستانی ٹیسٹ ٹیم دو روز قبل برسبین سے ایڈلیڈ پہنچی۔برسبین ٹیسٹ میں ناکامی کے بعد فائنل الیون میں دو تبدیلیوں کا امکان ہے، حارث سہیل کی جگہ امام الحق اور عمران خان سینیئر کی جگہ محمد عباس کو ٹیم میں شامل کیا جائے گا۔ ایڈلیڈ کے میدان میں پاکستان کبھی ٹیسٹ نہیں جیتا۔
23,پاکستان,https://urdu.arynews.tv/hamzas-judicial-remand-extended-for-14-days/,لاہور: احتساب عدالت نے آمدن سے زائد اثاثہ جات، منی لانڈرنگ  اور  رمضان شوگر ملز کیس میں حمزہ شہباز کے جوڈیشل ریمانڈ میں 14 دن کی توسیع کر دی۔تفصیلات کے مطابق احتساب عدالت میں شہباز شریف اور حمزہ شہباز کے خلاف کیسز کی سماعت ہوئی۔ جیل حکام نے جوڈیشل ریمانڈ ختم ہونے پر حمزہ شہباز کو عدالت کے روبرو پیش کیا۔احتساب عدالت نے رمضان شوگر ملز کے کیس میں حمزہ شہباز کو ریفرنس کی کاپیاں فراہم کردیں جبکہ نیب پراسکیوٹر کو منی لانڈرنگ کیس کا ریفرنس جلد دائر کرنے کی ہدایت کر دی۔شہباز شریف کے وکلا نے آشیانہ اقبال اور رمضان شوگر ملز کیس میں ان کی مستقل حاضری معافی کی درخواست جمع کرائی جس میں موقف اختیار کیا کہ شہباز شریف اپنے اور بھائی کے علاج کے سلسلے میں بیرون ملک ہونے کے باعث پیش نہیں ہوسکتے۔وکیل نے بتایا کہ شہباز شریف کی درخواست پاکستانی سفارت خانے سے تصدیق شدہ ہے، عدالت نے مستقل حاضری معافی کی درخواست پر نیب کونوٹس جاری کرتے ہوئے جواب طلب کرلیا۔حمزہ شہباز شریف پیشی کے موقع پر پولیس اہلکاروں کے ساتھ ساتھ چلنے پر برہم بھی ہوئے اور غصے میں اہلکاروں کو رکنے کا کہا جبکہ پولیس اہلکار حمزہ شہباز کی جھاڑ سن کر خاموشی سے پیچھے کھڑے رہ گئے۔ احتساب عدالت میں حمزہ شہباز کی پیشی کے موقع پر سیکیورٹی کے سخت انتظامات کیے گئے تھے۔
